class,kmer,mean_abs_shap,gc_content
Europa_ocean_analog,AAAA,0.000717,0.0
Europa_ocean_analog,AAAT,0.00061,0.0
Europa_ocean_analog,AAAG,0.00105,0.25
Europa_ocean_analog,AAAC,0.000876,0.25
Europa_ocean_analog,AATA,0.00134,0.0
Europa_ocean_analog,AATT,0.000779,0.0
Europa_ocean_analog,AATG,0.000458,0.25
Europa_ocean_analog,AATC,0.001273,0.25
Europa_ocean_analog,AAGA,0.002517,0.25
Europa_ocean_analog,AAGT,0.000958,0.25
Europa_ocean_analog,AAGG,0.001783,0.5
Europa_ocean_analog,AAGC,0.001467,0.5
Europa_ocean_analog,AACA,0.000728,0.25
Europa_ocean_analog,AACT,0.000437,0.25
Europa_ocean_analog,AACG,0.001122,0.5
Europa_ocean_analog,AACC,0.000961,0.5
Europa_ocean_analog,ATAA,0.001372,0.0
Europa_ocean_analog,ATAT,0.001113,0.0
Europa_ocean_analog,ATAG,0.001175,0.25
Europa_ocean_analog,ATAC,0.001219,0.25
Europa_ocean_analog,ATTA,0.00144,0.0
Europa_ocean_analog,ATTT,0.0003,0.0
Europa_ocean_analog,ATTG,0.000803,0.25
Europa_ocean_analog,ATTC,0.000986,0.25
Europa_ocean_analog,ATGA,0.001167,0.25
Europa_ocean_analog,ATGT,0.001152,0.25
Europa_ocean_analog,ATGG,0.003757,0.5
Europa_ocean_analog,ATGC,0.00256,0.5
Europa_ocean_analog,ATCA,0.000599,0.25
Europa_ocean_analog,ATCT,0.001735,0.25
Europa_ocean_analog,ATCG,0.001605,0.5
Europa_ocean_analog,ATCC,0.002087,0.5
Europa_ocean_analog,AGAA,0.000514,0.25
Europa_ocean_analog,AGAT,0.001068,0.25
Europa_ocean_analog,AGAG,0.000487,0.5
Europa_ocean_analog,AGAC,0.001823,0.5
Europa_ocean_analog,AGTA,0.000904,0.25
Europa_ocean_analog,AGTT,0.000423,0.25
Europa_ocean_analog,AGTG,0.000318,0.5
Europa_ocean_analog,AGTC,0.000952,0.5
Europa_ocean_analog,AGGA,0.004045,0.5
Europa_ocean_analog,AGGT,0.005346,0.5
Europa_ocean_analog,AGGG,0.000904,0.75
Europa_ocean_analog,AGGC,0.000673,0.75
Europa_ocean_analog,AGCA,0.001336,0.5
Europa_ocean_analog,AGCT,0.006239,0.5
Europa_ocean_analog,AGCG,0.001437,0.75
Europa_ocean_analog,AGCC,0.001282,0.75
Europa_ocean_analog,ACAA,0.000773,0.25
Europa_ocean_analog,ACAT,0.001673,0.25
Europa_ocean_analog,ACAG,0.000821,0.5
Europa_ocean_analog,ACAC,0.001102,0.5
Europa_ocean_analog,ACTA,0.002212,0.25
Europa_ocean_analog,ACTT,0.001057,0.25
Europa_ocean_analog,ACTG,0.000779,0.5
Europa_ocean_analog,ACTC,0.001945,0.5
Europa_ocean_analog,ACGA,0.001777,0.5
Europa_ocean_analog,ACGT,0.000845,0.5
Europa_ocean_analog,ACGG,0.001081,0.75
Europa_ocean_analog,ACGC,0.000862,0.75
Europa_ocean_analog,ACCA,0.002283,0.5
Europa_ocean_analog,ACCT,0.008171,0.5
Europa_ocean_analog,ACCG,0.000656,0.75
Europa_ocean_analog,ACCC,0.000844,0.75
Europa_ocean_analog,TAAA,0.000688,0.0
Europa_ocean_analog,TAAT,0.002123,0.0
Europa_ocean_analog,TAAG,0.003278,0.25
Europa_ocean_analog,TAAC,0.001589,0.25
Europa_ocean_analog,TATA,0.001061,0.0
Europa_ocean_analog,TATT,0.000884,0.0
Europa_ocean_analog,TATG,0.000392,0.25
Europa_ocean_analog,TATC,0.002263,0.25
Europa_ocean_analog,TAGA,0.001429,0.25
Europa_ocean_analog,TAGT,0.002843,0.25
Europa_ocean_analog,TAGG,0.005476,0.5
Europa_ocean_analog,TAGC,0.003271,0.5
Europa_ocean_analog,TACA,0.000455,0.25
Europa_ocean_analog,TACT,0.001087,0.25
Europa_ocean_analog,TACG,0.002251,0.5
Europa_ocean_analog,TACC,0.001132,0.5
Europa_ocean_analog,TTAA,0.00147,0.0
Europa_ocean_analog,TTAT,0.0019,0.0
Europa_ocean_analog,TTAG,0.006479,0.25
Europa_ocean_analog,TTAC,0.001569,0.25
Europa_ocean_analog,TTTA,0.000694,0.0
Europa_ocean_analog,TTTT,0.0003,0.0
Europa_ocean_analog,TTTG,0.000754,0.25
Europa_ocean_analog,TTTC,0.001036,0.25
Europa_ocean_analog,TTGA,0.000932,0.25
Europa_ocean_analog,TTGT,0.000919,0.25
Europa_ocean_analog,TTGG,0.002147,0.5
Europa_ocean_analog,TTGC,0.001031,0.5
Europa_ocean_analog,TTCA,0.000886,0.25
Europa_ocean_analog,TTCT,0.000925,0.25
Europa_ocean_analog,TTCG,0.000421,0.5
Europa_ocean_analog,TTCC,0.00096,0.5
Europa_ocean_analog,TGAA,0.00057,0.25
Europa_ocean_analog,TGAT,0.000651,0.25
Europa_ocean_analog,TGAG,0.00311,0.5
Europa_ocean_analog,TGAC,0.005951,0.5
Europa_ocean_analog,TGTA,0.000775,0.25
Europa_ocean_analog,TGTT,0.001049,0.25
Europa_ocean_analog,TGTG,0.000764,0.5
Europa_ocean_analog,TGTC,0.00601,0.5
Europa_ocean_analog,TGGA,0.003453,0.5
Europa_ocean_analog,TGGT,0.001449,0.5
Europa_ocean_analog,TGGG,0.002321,0.75
Europa_ocean_analog,TGGC,0.0014,0.75
Europa_ocean_analog,TGCA,0.001209,0.5
Europa_ocean_analog,TGCT,0.001321,0.5
Europa_ocean_analog,TGCG,0.001872,0.75
Europa_ocean_analog,TGCC,0.001026,0.75
Europa_ocean_analog,TCAA,0.000642,0.25
Europa_ocean_analog,TCAT,0.000864,0.25
Europa_ocean_analog,TCAG,0.000672,0.5
Europa_ocean_analog,TCAC,0.001459,0.5
Europa_ocean_analog,TCTA,0.001428,0.25
Europa_ocean_analog,TCTT,0.00192,0.25
Europa_ocean_analog,TCTG,0.000754,0.5
Europa_ocean_analog,TCTC,0.000886,0.5
Europa_ocean_analog,TCGA,0.000847,0.5
Europa_ocean_analog,TCGT,0.001693,0.5
Europa_ocean_analog,TCGG,0.000683,0.75
Europa_ocean_analog,TCGC,0.000987,0.75
Europa_ocean_analog,TCCA,0.002084,0.5
Europa_ocean_analog,TCCT,0.002681,0.5
Europa_ocean_analog,TCCG,0.000965,0.75
Europa_ocean_analog,TCCC,0.001945,0.75
Europa_ocean_analog,GAAA,0.000845,0.25
Europa_ocean_analog,GAAT,0.001437,0.25
Europa_ocean_analog,GAAG,0.000976,0.5
Europa_ocean_analog,GAAC,0.000988,0.5
Europa_ocean_analog,GATA,0.002462,0.25
Europa_ocean_analog,GATT,0.001508,0.25
Europa_ocean_analog,GATG,0.00279,0.5
Europa_ocean_analog,GATC,0.001787,0.5
Europa_ocean_analog,GAGA,0.000923,0.5
Europa_ocean_analog,GAGT,0.001369,0.5
Europa_ocean_analog,GAGG,0.001548,0.75
Europa_ocean_analog,GAGC,0.002395,0.75
Europa_ocean_analog,GACA,0.003314,0.5
Europa_ocean_analog,GACT,0.00051,0.5
Europa_ocean_analog,GACG,0.002065,0.75
Europa_ocean_analog,GACC,0.001723,0.75
Europa_ocean_analog,GTAA,0.001655,0.25
Europa_ocean_analog,GTAT,0.001298,0.25
Europa_ocean_analog,GTAG,0.001086,0.5
Europa_ocean_analog,GTAC,0.000553,0.5
Europa_ocean_analog,GTTA,0.001213,0.25
Europa_ocean_analog,GTTT,0.000726,0.25
Europa_ocean_analog,GTTG,0.004234,0.5
Europa_ocean_analog,GTTC,0.001551,0.5
Europa_ocean_analog,GTGA,0.00209,0.5
Europa_ocean_analog,GTGT,0.001075,0.5
Europa_ocean_analog,GTGG,0.00232,0.75
Europa_ocean_analog,GTGC,0.001787,0.75
Europa_ocean_analog,GTCA,0.005226,0.5
Europa_ocean_analog,GTCT,0.002203,0.5
Europa_ocean_analog,GTCG,0.00171,0.75
Europa_ocean_analog,GTCC,0.000843,0.75
Europa_ocean_analog,GGAA,0.001029,0.5
Europa_ocean_analog,GGAT,0.002905,0.5
Europa_ocean_analog,GGAG,0.001406,0.75
Europa_ocean_analog,GGAC,0.001114,0.75
Europa_ocean_analog,GGTA,0.000813,0.5
Europa_ocean_analog,GGTT,0.000724,0.5
Europa_ocean_analog,GGTG,0.003151,0.75
Europa_ocean_analog,GGTC,0.00254,0.75
Europa_ocean_analog,GGGA,0.001771,0.75
Europa_ocean_analog,GGGT,0.001313,0.75
Europa_ocean_analog,GGGG,0.00157,1.0
Europa_ocean_analog,GGGC,0.000521,1.0
Europa_ocean_analog,GGCA,0.000696,0.75
Europa_ocean_analog,GGCT,0.000927,0.75
Europa_ocean_analog,GGCG,0.000296,1.0
Europa_ocean_analog,GGCC,0.001022,1.0
Europa_ocean_analog,GCAA,0.001864,0.5
Europa_ocean_analog,GCAT,0.002303,0.5
Europa_ocean_analog,GCAG,0.001103,0.75
Europa_ocean_analog,GCAC,0.002008,0.75
Europa_ocean_analog,GCTA,0.00192,0.5
Europa_ocean_analog,GCTT,0.001274,0.5
Europa_ocean_analog,GCTG,0.001877,0.75
Europa_ocean_analog,GCTC,0.00352,0.75
Europa_ocean_analog,GCGA,0.000896,0.75
Europa_ocean_analog,GCGT,0.000995,0.75
Europa_ocean_analog,GCGG,0.000366,1.0
Europa_ocean_analog,GCGC,0.000894,1.0
Europa_ocean_analog,GCCA,0.000759,0.75
Europa_ocean_analog,GCCT,0.001069,0.75
Europa_ocean_analog,GCCG,0.000247,1.0
Europa_ocean_analog,GCCC,0.000577,1.0
Europa_ocean_analog,CAAA,0.000735,0.25
Europa_ocean_analog,CAAT,0.000815,0.25
Europa_ocean_analog,CAAG,0.001951,0.5
Europa_ocean_analog,CAAC,0.004197,0.5
Europa_ocean_analog,CATA,0.001309,0.25
Europa_ocean_analog,CATT,0.000389,0.25
Europa_ocean_analog,CATG,0.001792,0.5
Europa_ocean_analog,CATC,0.002688,0.5
Europa_ocean_analog,CAGA,0.001074,0.5
Europa_ocean_analog,CAGT,0.00054,0.5
Europa_ocean_analog,CAGG,0.001846,0.75
Europa_ocean_analog,CAGC,0.002571,0.75
Europa_ocean_analog,CACA,0.001254,0.5
Europa_ocean_analog,CACT,0.000607,0.5
Europa_ocean_analog,CACG,0.001315,0.75
Europa_ocean_analog,CACC,0.003851,0.75
Europa_ocean_analog,CTAA,0.005426,0.25
Europa_ocean_analog,CTAT,0.000878,0.25
Europa_ocean_analog,CTAG,0.00315,0.5
Europa_ocean_analog,CTAC,0.000759,0.5
Europa_ocean_analog,CTTA,0.004088,0.25
Europa_ocean_analog,CTTT,0.00077,0.25
Europa_ocean_analog,CTTG,0.002005,0.5
Europa_ocean_analog,CTTC,0.001122,0.5
Europa_ocean_analog,CTGA,0.000614,0.5
Europa_ocean_analog,CTGT,0.001124,0.5
Europa_ocean_analog,CTGG,0.003616,0.75
Europa_ocean_analog,CTGC,0.001164,0.75
Europa_ocean_analog,CTCA,0.003908,0.5
Europa_ocean_analog,CTCT,0.000526,0.5
Europa_ocean_analog,CTCG,0.000884,0.75
Europa_ocean_analog,CTCC,0.00115,0.75
Europa_ocean_analog,CGAA,0.000866,0.5
Europa_ocean_analog,CGAT,0.001291,0.5
Europa_ocean_analog,CGAG,0.000732,0.75
Europa_ocean_analog,CGAC,0.001089,0.75
Europa_ocean_analog,CGTA,0.002725,0.5
Europa_ocean_analog,CGTT,0.001073,0.5
Europa_ocean_analog,CGTG,0.001908,0.75
Europa_ocean_analog,CGTC,0.001034,0.75
Europa_ocean_analog,CGGA,0.001559,0.75
Europa_ocean_analog,CGGT,0.000702,0.75
Europa_ocean_analog,CGGG,0.000935,1.0
Europa_ocean_analog,CGGC,0.00048,1.0
Europa_ocean_analog,CGCA,0.002223,0.75
Europa_ocean_analog,CGCT,0.000979,0.75
Europa_ocean_analog,CGCG,0.000423,1.0
Europa_ocean_analog,CGCC,0.00048,1.0
Europa_ocean_analog,CCAA,0.002096,0.5
Europa_ocean_analog,CCAT,0.005721,0.5
Europa_ocean_analog,CCAG,0.002663,0.75
Europa_ocean_analog,CCAC,0.002952,0.75
Europa_ocean_analog,CCTA,0.00619,0.5
Europa_ocean_analog,CCTT,0.002815,0.5
Europa_ocean_analog,CCTG,0.002094,0.75
Europa_ocean_analog,CCTC,0.001338,0.75
Europa_ocean_analog,CCGA,0.000545,0.75
Europa_ocean_analog,CCGT,0.001305,0.75
Europa_ocean_analog,CCGG,0.00083,1.0
Europa_ocean_analog,CCGC,0.000341,1.0
Europa_ocean_analog,CCCA,0.003673,0.75
Europa_ocean_analog,CCCT,0.000229,0.75
Europa_ocean_analog,CCCG,0.000839,1.0
Europa_ocean_analog,CCCC,0.001255,1.0
Mars_acidic_analog,AAAA,0.000546,0.0
Mars_acidic_analog,AAAT,0.00077,0.0
Mars_acidic_analog,AAAG,0.000686,0.25
Mars_acidic_analog,AAAC,0.000593,0.25
Mars_acidic_analog,AATA,0.001998,0.0
Mars_acidic_analog,AATT,0.001027,0.0
Mars_acidic_analog,AATG,0.000207,0.25
Mars_acidic_analog,AATC,0.000824,0.25
Mars_acidic_analog,AAGA,0.004787,0.25
Mars_acidic_analog,AAGT,0.001539,0.25
Mars_acidic_analog,AAGG,0.000544,0.5
Mars_acidic_analog,AAGC,0.001021,0.5
Mars_acidic_analog,AACA,0.000489,0.25
Mars_acidic_analog,AACT,0.000833,0.25
Mars_acidic_analog,AACG,0.000938,0.5
Mars_acidic_analog,AACC,0.000769,0.5
Mars_acidic_analog,ATAA,0.003504,0.0
Mars_acidic_analog,ATAT,0.001465,0.0
Mars_acidic_analog,ATAG,0.001779,0.25
Mars_acidic_analog,ATAC,0.000797,0.25
Mars_acidic_analog,ATTA,0.004662,0.0
Mars_acidic_analog,ATTT,0.001235,0.0
Mars_acidic_analog,ATTG,0.000409,0.25
Mars_acidic_analog,ATTC,0.000617,0.25
Mars_acidic_analog,ATGA,0.001078,0.25
Mars_acidic_analog,ATGT,0.000607,0.25
Mars_acidic_analog,ATGG,0.004185,0.5
Mars_acidic_analog,ATGC,0.003837,0.5
Mars_acidic_analog,ATCA,0.00081,0.25
Mars_acidic_analog,ATCT,0.000846,0.25
Mars_acidic_analog,ATCG,0.001444,0.5
Mars_acidic_analog,ATCC,0.003534,0.5
Mars_acidic_analog,AGAA,0.000749,0.25
Mars_acidic_analog,AGAT,0.001011,0.25
Mars_acidic_analog,AGAG,0.000504,0.5
Mars_acidic_analog,AGAC,0.004124,0.5
Mars_acidic_analog,AGTA,0.000598,0.25
Mars_acidic_analog,AGTT,0.000472,0.25
Mars_acidic_analog,AGTG,0.000768,0.5
Mars_acidic_analog,AGTC,0.004736,0.5
Mars_acidic_analog,AGGA,0.003631,0.5
Mars_acidic_analog,AGGT,0.002383,0.5
Mars_acidic_analog,AGGG,0.001229,0.75
Mars_acidic_analog,AGGC,0.000962,0.75
Mars_acidic_analog,AGCA,0.001593,0.5
Mars_acidic_analog,AGCT,0.003027,0.5
Mars_acidic_analog,AGCG,0.00137,0.75
Mars_acidic_analog,AGCC,0.000622,0.75
Mars_acidic_analog,ACAA,0.000774,0.25
Mars_acidic_analog,ACAT,0.000619,0.25
Mars_acidic_analog,ACAG,0.000864,0.5
Mars_acidic_analog,ACAC,0.000464,0.5
Mars_acidic_analog,ACTA,0.001422,0.25
Mars_acidic_analog,ACTT,0.001108,0.25
Mars_acidic_analog,ACTG,0.001029,0.5
Mars_acidic_analog,ACTC,0.001049,0.5
Mars_acidic_analog,ACGA,0.000577,0.5
Mars_acidic_analog,ACGT,0.00096,0.5
Mars_acidic_analog,ACGG,0.000934,0.75
Mars_acidic_analog,ACGC,0.001039,0.75
Mars_acidic_analog,ACCA,0.007123,0.5
Mars_acidic_analog,ACCT,0.002128,0.5
Mars_acidic_analog,ACCG,0.000846,0.75
Mars_acidic_analog,ACCC,0.001939,0.75
Mars_acidic_analog,TAAA,0.001045,0.0
Mars_acidic_analog,TAAT,0.005627,0.0
Mars_acidic_analog,TAAG,0.004891,0.25
Mars_acidic_analog,TAAC,0.000862,0.25
Mars_acidic_analog,TATA,0.002465,0.0
Mars_acidic_analog,TATT,0.001122,0.0
Mars_acidic_analog,TATG,0.000648,0.25
Mars_acidic_analog,TATC,0.002468,0.25
Mars_acidic_analog,TAGA,0.000836,0.25
Mars_acidic_analog,TAGT,0.002927,0.25
Mars_acidic_analog,TAGG,0.002651,0.5
Mars_acidic_analog,TAGC,0.002019,0.5
Mars_acidic_analog,TACA,0.000593,0.25
Mars_acidic_analog,TACT,0.000561,0.25
Mars_acidic_analog,TACG,0.002536,0.5
Mars_acidic_analog,TACC,0.000803,0.5
Mars_acidic_analog,TTAA,0.002533,0.0
Mars_acidic_analog,TTAT,0.003272,0.0
Mars_acidic_analog,TTAG,0.004919,0.25
Mars_acidic_analog,TTAC,0.000876,0.25
Mars_acidic_analog,TTTA,0.000943,0.0
Mars_acidic_analog,TTTT,0.000617,0.0
Mars_acidic_analog,TTTG,0.000609,0.25
Mars_acidic_analog,TTTC,0.000693,0.25
Mars_acidic_analog,TTGA,0.000504,0.25
Mars_acidic_analog,TTGT,0.001237,0.25
Mars_acidic_analog,TTGG,0.000368,0.5
Mars_acidic_analog,TTGC,0.000912,0.5
Mars_acidic_analog,TTCA,0.001489,0.25
Mars_acidic_analog,TTCT,0.000766,0.25
Mars_acidic_analog,TTCG,0.000339,0.5
Mars_acidic_analog,TTCC,0.000563,0.5
Mars_acidic_analog,TGAA,0.000727,0.25
Mars_acidic_analog,TGAT,0.000686,0.25
Mars_acidic_analog,TGAG,0.00071,0.5
Mars_acidic_analog,TGAC,0.002261,0.5
Mars_acidic_analog,TGTA,0.000525,0.25
Mars_acidic_analog,TGTT,0.000476,0.25
Mars_acidic_analog,TGTG,0.000699,0.5
Mars_acidic_analog,TGTC,0.002583,0.5
Mars_acidic_analog,TGGA,0.002064,0.5
Mars_acidic_analog,TGGT,0.00476,0.5
Mars_acidic_analog,TGGG,0.001031,0.75
Mars_acidic_analog,TGGC,0.001157,0.75
Mars_acidic_analog,TGCA,0.002649,0.5
Mars_acidic_analog,TGCT,0.002081,0.5
Mars_acidic_analog,TGCG,0.002708,0.75
Mars_acidic_analog,TGCC,0.001141,0.75
Mars_acidic_analog,TCAA,0.000562,0.25
Mars_acidic_analog,TCAT,0.000956,0.25
Mars_acidic_analog,TCAG,0.000615,0.5
Mars_acidic_analog,TCAC,0.002672,0.5
Mars_acidic_analog,TCTA,0.001295,0.25
Mars_acidic_analog,TCTT,0.005316,0.25
Mars_acidic_analog,TCTG,0.002005,0.5
Mars_acidic_analog,TCTC,0.000917,0.5
Mars_acidic_analog,TCGA,0.000607,0.5
Mars_acidic_analog,TCGT,0.000723,0.5
Mars_acidic_analog,TCGG,0.000457,0.75
Mars_acidic_analog,TCGC,0.000562,0.75
Mars_acidic_analog,TCCA,0.000894,0.5
Mars_acidic_analog,TCCT,0.00259,0.5
Mars_acidic_analog,TCCG,0.001985,0.75
Mars_acidic_analog,TCCC,0.002324,0.75
Mars_acidic_analog,GAAA,0.000568,0.25
Mars_acidic_analog,GAAT,0.000698,0.25
Mars_acidic_analog,GAAG,0.000812,0.5
Mars_acidic_analog,GAAC,0.00228,0.5
Mars_acidic_analog,GATA,0.001511,0.25
Mars_acidic_analog,GATT,0.000566,0.25
Mars_acidic_analog,GATG,0.007021,0.5
Mars_acidic_analog,GATC,0.005118,0.5
Mars_acidic_analog,GAGA,0.001239,0.5
Mars_acidic_analog,GAGT,0.00076,0.5
Mars_acidic_analog,GAGG,0.001222,0.75
Mars_acidic_analog,GAGC,0.001627,0.75
Mars_acidic_analog,GACA,0.002258,0.5
Mars_acidic_analog,GACT,0.004606,0.5
Mars_acidic_analog,GACG,0.001662,0.75
Mars_acidic_analog,GACC,0.001113,0.75
Mars_acidic_analog,GTAA,0.00096,0.25
Mars_acidic_analog,GTAT,0.001107,0.25
Mars_acidic_analog,GTAG,0.000639,0.5
Mars_acidic_analog,GTAC,0.000659,0.5
Mars_acidic_analog,GTTA,0.000852,0.25
Mars_acidic_analog,GTTT,0.000718,0.25
Mars_acidic_analog,GTTG,0.00483,0.5
Mars_acidic_analog,GTTC,0.002474,0.5
Mars_acidic_analog,GTGA,0.004449,0.5
Mars_acidic_analog,GTGT,0.001013,0.5
Mars_acidic_analog,GTGG,0.002972,0.75
Mars_acidic_analog,GTGC,0.004093,0.75
Mars_acidic_analog,GTCA,0.001276,0.5
Mars_acidic_analog,GTCT,0.005134,0.5
Mars_acidic_analog,GTCG,0.000465,0.75
Mars_acidic_analog,GTCC,0.001005,0.75
Mars_acidic_analog,GGAA,0.000786,0.5
Mars_acidic_analog,GGAT,0.0019,0.5
Mars_acidic_analog,GGAG,0.00075,0.75
Mars_acidic_analog,GGAC,0.001198,0.75
Mars_acidic_analog,GGTA,0.000862,0.5
Mars_acidic_analog,GGTT,0.000684,0.5
Mars_acidic_analog,GGTG,0.00749,0.75
Mars_acidic_analog,GGTC,0.001466,0.75
Mars_acidic_analog,GGGA,0.002392,0.75
Mars_acidic_analog,GGGT,0.00247,0.75
Mars_acidic_analog,GGGG,0.001067,1.0
Mars_acidic_analog,GGGC,0.001216,1.0
Mars_acidic_analog,GGCA,0.001408,0.75
Mars_acidic_analog,GGCT,0.000631,0.75
Mars_acidic_analog,GGCG,0.000795,1.0
Mars_acidic_analog,GGCC,0.000968,1.0
Mars_acidic_analog,GCAA,0.002965,0.5
Mars_acidic_analog,GCAT,0.003824,0.5
Mars_acidic_analog,GCAG,0.002871,0.75
Mars_acidic_analog,GCAC,0.003102,0.75
Mars_acidic_analog,GCTA,0.001392,0.5
Mars_acidic_analog,GCTT,0.002091,0.5
Mars_acidic_analog,GCTG,0.004217,0.75
Mars_acidic_analog,GCTC,0.001808,0.75
Mars_acidic_analog,GCGA,0.000857,0.75
Mars_acidic_analog,GCGT,0.001011,0.75
Mars_acidic_analog,GCGG,0.000573,1.0
Mars_acidic_analog,GCGC,0.001507,1.0
Mars_acidic_analog,GCCA,0.001986,0.75
Mars_acidic_analog,GCCT,0.001285,0.75
Mars_acidic_analog,GCCG,0.000506,1.0
Mars_acidic_analog,GCCC,0.000363,1.0
Mars_acidic_analog,CAAA,0.00031,0.25
Mars_acidic_analog,CAAT,0.00038,0.25
Mars_acidic_analog,CAAG,0.000594,0.5
Mars_acidic_analog,CAAC,0.003926,0.5
Mars_acidic_analog,CATA,0.002253,0.25
Mars_acidic_analog,CATT,0.000196,0.25
Mars_acidic_analog,CATG,0.003575,0.5
Mars_acidic_analog,CATC,0.005724,0.5
Mars_acidic_analog,CAGA,0.001574,0.5
Mars_acidic_analog,CAGT,0.001124,0.5
Mars_acidic_analog,CAGG,0.001273,0.75
Mars_acidic_analog,CAGC,0.004748,0.75
Mars_acidic_analog,CACA,0.000567,0.5
Mars_acidic_analog,CACT,0.000484,0.5
Mars_acidic_analog,CACG,0.000825,0.75
Mars_acidic_analog,CACC,0.005958,0.75
Mars_acidic_analog,CTAA,0.005118,0.25
Mars_acidic_analog,CTAT,0.001007,0.25
Mars_acidic_analog,CTAG,0.00224,0.5
Mars_acidic_analog,CTAC,0.00071,0.5
Mars_acidic_analog,CTTA,0.004865,0.25
Mars_acidic_analog,CTTT,0.000731,0.25
Mars_acidic_analog,CTTG,0.000921,0.5
Mars_acidic_analog,CTTC,0.000649,0.5
Mars_acidic_analog,CTGA,0.000597,0.5
Mars_acidic_analog,CTGT,0.000639,0.5
Mars_acidic_analog,CTGG,0.001892,0.75
Mars_acidic_analog,CTGC,0.001414,0.75
Mars_acidic_analog,CTCA,0.000864,0.5
Mars_acidic_analog,CTCT,0.000821,0.5
Mars_acidic_analog,CTCG,0.000636,0.75
Mars_acidic_analog,CTCC,0.00068,0.75
Mars_acidic_analog,CGAA,0.000653,0.5
Mars_acidic_analog,CGAT,0.001688,0.5
Mars_acidic_analog,CGAG,0.000606,0.75
Mars_acidic_analog,CGAC,0.00057,0.75
Mars_acidic_analog,CGTA,0.004168,0.5
Mars_acidic_analog,CGTT,0.00086,0.5
Mars_acidic_analog,CGTG,0.001799,0.75
Mars_acidic_analog,CGTC,0.000803,0.75
Mars_acidic_analog,CGGA,0.002652,0.75
Mars_acidic_analog,CGGT,0.001067,0.75
Mars_acidic_analog,CGGG,0.000798,1.0
Mars_acidic_analog,CGGC,0.00069,1.0
Mars_acidic_analog,CGCA,0.002181,0.75
Mars_acidic_analog,CGCT,0.001466,0.75
Mars_acidic_analog,CGCG,0.001168,1.0
Mars_acidic_analog,CGCC,0.000495,1.0
Mars_acidic_analog,CCAA,0.000745,0.5
Mars_acidic_analog,CCAT,0.004994,0.5
Mars_acidic_analog,CCAG,0.001693,0.75
Mars_acidic_analog,CCAC,0.003297,0.75
Mars_acidic_analog,CCTA,0.005138,0.5
Mars_acidic_analog,CCTT,0.000507,0.5
Mars_acidic_analog,CCTG,0.000915,0.75
Mars_acidic_analog,CCTC,0.00101,0.75
Mars_acidic_analog,CCGA,0.000489,0.75
Mars_acidic_analog,CCGT,0.001787,0.75
Mars_acidic_analog,CCGG,0.001418,1.0
Mars_acidic_analog,CCGC,0.000816,1.0
Mars_acidic_analog,CCCA,0.001279,0.75
Mars_acidic_analog,CCCT,0.000635,0.75
Mars_acidic_analog,CCCG,0.001307,1.0
Mars_acidic_analog,CCCC,0.000486,1.0
Mars_lake_analog,AAAA,0.000938,0.0
Mars_lake_analog,AAAT,0.001083,0.0
Mars_lake_analog,AAAG,0.001116,0.25
Mars_lake_analog,AAAC,0.001254,0.25
Mars_lake_analog,AATA,0.001908,0.0
Mars_lake_analog,AATT,0.001593,0.0
Mars_lake_analog,AATG,0.000513,0.25
Mars_lake_analog,AATC,0.001759,0.25
Mars_lake_analog,AAGA,0.003949,0.25
Mars_lake_analog,AAGT,0.00195,0.25
Mars_lake_analog,AAGG,0.001943,0.5
Mars_lake_analog,AAGC,0.001983,0.5
Mars_lake_analog,AACA,0.001066,0.25
Mars_lake_analog,AACT,0.000908,0.25
Mars_lake_analog,AACG,0.00119,0.5
Mars_lake_analog,AACC,0.001275,0.5
Mars_lake_analog,ATAA,0.00287,0.0
Mars_lake_analog,ATAT,0.001777,0.0
Mars_lake_analog,ATAG,0.00266,0.25
Mars_lake_analog,ATAC,0.001587,0.25
Mars_lake_analog,ATTA,0.004089,0.0
Mars_lake_analog,ATTT,0.001348,0.0
Mars_lake_analog,ATTG,0.001088,0.25
Mars_lake_analog,ATTC,0.001368,0.25
Mars_lake_analog,ATGA,0.001143,0.25
Mars_lake_analog,ATGT,0.001244,0.25
Mars_lake_analog,ATGG,0.004356,0.5
Mars_lake_analog,ATGC,0.004925,0.5
Mars_lake_analog,ATCA,0.001093,0.25
Mars_lake_analog,ATCT,0.001727,0.25
Mars_lake_analog,ATCG,0.002769,0.5
Mars_lake_analog,ATCC,0.005192,0.5
Mars_lake_analog,AGAA,0.001137,0.25
Mars_lake_analog,AGAT,0.00156,0.25
Mars_lake_analog,AGAG,0.000876,0.5
Mars_lake_analog,AGAC,0.003515,0.5
Mars_lake_analog,AGTA,0.001205,0.25
Mars_lake_analog,AGTT,0.00077,0.25
Mars_lake_analog,AGTG,0.000996,0.5
Mars_lake_analog,AGTC,0.004476,0.5
Mars_lake_analog,AGGA,0.00258,0.5
Mars_lake_analog,AGGT,0.003837,0.5
Mars_lake_analog,AGGG,0.001301,0.75
Mars_lake_analog,AGGC,0.001492,0.75
Mars_lake_analog,AGCA,0.002349,0.5
Mars_lake_analog,AGCT,0.005104,0.5
Mars_lake_analog,AGCG,0.001996,0.75
Mars_lake_analog,AGCC,0.001288,0.75
Mars_lake_analog,ACAA,0.001234,0.25
Mars_lake_analog,ACAT,0.001726,0.25
Mars_lake_analog,ACAG,0.001117,0.5
Mars_lake_analog,ACAC,0.00115,0.5
Mars_lake_analog,ACTA,0.003099,0.25
Mars_lake_analog,ACTT,0.001697,0.25
Mars_lake_analog,ACTG,0.001525,0.5
Mars_lake_analog,ACTC,0.001403,0.5
Mars_lake_analog,ACGA,0.002054,0.5
Mars_lake_analog,ACGT,0.001249,0.5
Mars_lake_analog,ACGG,0.001525,0.75
Mars_lake_analog,ACGC,0.000961,0.75
Mars_lake_analog,ACCA,0.005581,0.5
Mars_lake_analog,ACCT,0.006699,0.5
Mars_lake_analog,ACCG,0.001153,0.75
Mars_lake_analog,ACCC,0.001682,0.75
Mars_lake_analog,TAAA,0.001355,0.0
Mars_lake_analog,TAAT,0.005061,0.0
Mars_lake_analog,TAAG,0.005468,0.25
Mars_lake_analog,TAAC,0.001943,0.25
Mars_lake_analog,TATA,0.002366,0.0
Mars_lake_analog,TATT,0.001264,0.0
Mars_lake_analog,TATG,0.000927,0.25
Mars_lake_analog,TATC,0.002612,0.25
Mars_lake_analog,TAGA,0.001612,0.25
Mars_lake_analog,TAGT,0.004722,0.25
Mars_lake_analog,TAGG,0.00663,0.5
Mars_lake_analog,TAGC,0.004663,0.5
Mars_lake_analog,TACA,0.000916,0.25
Mars_lake_analog,TACT,0.001489,0.25
Mars_lake_analog,TACG,0.003755,0.5
Mars_lake_analog,TACC,0.001635,0.5
Mars_lake_analog,TTAA,0.002217,0.0
Mars_lake_analog,TTAT,0.002267,0.0
Mars_lake_analog,TTAG,0.007384,0.25
Mars_lake_analog,TTAC,0.002276,0.25
Mars_lake_analog,TTTA,0.001313,0.0
Mars_lake_analog,TTTT,0.000785,0.0
Mars_lake_analog,TTTG,0.001279,0.25
Mars_lake_analog,TTTC,0.00128,0.25
Mars_lake_analog,TTGA,0.001208,0.25
Mars_lake_analog,TTGT,0.001519,0.25
Mars_lake_analog,TTGG,0.00226,0.5
Mars_lake_analog,TTGC,0.001545,0.5
Mars_lake_analog,TTCA,0.001419,0.25
Mars_lake_analog,TTCT,0.001243,0.25
Mars_lake_analog,TTCG,0.000613,0.5
Mars_lake_analog,TTCC,0.001339,0.5
Mars_lake_analog,TGAA,0.001136,0.25
Mars_lake_analog,TGAT,0.001155,0.25
Mars_lake_analog,TGAG,0.002806,0.5
Mars_lake_analog,TGAC,0.004865,0.5
Mars_lake_analog,TGTA,0.001141,0.25
Mars_lake_analog,TGTT,0.001277,0.25
Mars_lake_analog,TGTG,0.001338,0.5
Mars_lake_analog,TGTC,0.003922,0.5
Mars_lake_analog,TGGA,0.004562,0.5
Mars_lake_analog,TGGT,0.004303,0.5
Mars_lake_analog,TGGG,0.003018,0.75
Mars_lake_analog,TGGC,0.002255,0.75
Mars_lake_analog,TGCA,0.002519,0.5
Mars_lake_analog,TGCT,0.002258,0.5
Mars_lake_analog,TGCG,0.003535,0.75
Mars_lake_analog,TGCC,0.001861,0.75
Mars_lake_analog,TCAA,0.001082,0.25
Mars_lake_analog,TCAT,0.001091,0.25
Mars_lake_analog,TCAG,0.001147,0.5
Mars_lake_analog,TCAC,0.003516,0.5
Mars_lake_analog,TCTA,0.002052,0.25
Mars_lake_analog,TCTT,0.005322,0.25
Mars_lake_analog,TCTG,0.0025,0.5
Mars_lake_analog,TCTC,0.001253,0.5
Mars_lake_analog,TCGA,0.001353,0.5
Mars_lake_analog,TCGT,0.002068,0.5
Mars_lake_analog,TCGG,0.000978,0.75
Mars_lake_analog,TCGC,0.001236,0.75
Mars_lake_analog,TCCA,0.002528,0.5
Mars_lake_analog,TCCT,0.001546,0.5
Mars_lake_analog,TCCG,0.002295,0.75
Mars_lake_analog,TCCC,0.002261,0.75
Mars_lake_analog,GAAA,0.001111,0.25
Mars_lake_analog,GAAT,0.001749,0.25
Mars_lake_analog,GAAG,0.001492,0.5
Mars_lake_analog,GAAC,0.00291,0.5
Mars_lake_analog,GATA,0.002693,0.25
Mars_lake_analog,GATT,0.001676,0.25
Mars_lake_analog,GATG,0.007351,0.5
Mars_lake_analog,GATC,0.005854,0.5
Mars_lake_analog,GAGA,0.001723,0.5
Mars_lake_analog,GAGT,0.001314,0.5
Mars_lake_analog,GAGG,0.002374,0.75
Mars_lake_analog,GAGC,0.00215,0.75
Mars_lake_analog,GACA,0.002697,0.5
Mars_lake_analog,GACT,0.004465,0.5
Mars_lake_analog,GACG,0.00184,0.75
Mars_lake_analog,GACC,0.001238,0.75
Mars_lake_analog,GTAA,0.00235,0.25
Mars_lake_analog,GTAT,0.001932,0.25
Mars_lake_analog,GTAG,0.001324,0.5
Mars_lake_analog,GTAC,0.00093,0.5
Mars_lake_analog,GTTA,0.001514,0.25
Mars_lake_analog,GTTT,0.001375,0.25
Mars_lake_analog,GTTG,0.0042,0.5
Mars_lake_analog,GTTC,0.00371,0.5
Mars_lake_analog,GTGA,0.005948,0.5
Mars_lake_analog,GTGT,0.001823,0.5
Mars_lake_analog,GTGG,0.003571,0.75
Mars_lake_analog,GTGC,0.003382,0.75
Mars_lake_analog,GTCA,0.004586,0.5
Mars_lake_analog,GTCT,0.00474,0.5
Mars_lake_analog,GTCG,0.00163,0.75
Mars_lake_analog,GTCC,0.001268,0.75
Mars_lake_analog,GGAA,0.00168,0.5
Mars_lake_analog,GGAT,0.003812,0.5
Mars_lake_analog,GGAG,0.001642,0.75
Mars_lake_analog,GGAC,0.001523,0.75
Mars_lake_analog,GGTA,0.001348,0.5
Mars_lake_analog,GGTT,0.001009,0.5
Mars_lake_analog,GGTG,0.00538,0.75
Mars_lake_analog,GGTC,0.002125,0.75
Mars_lake_analog,GGGA,0.00325,0.75
Mars_lake_analog,GGGT,0.002702,0.75
Mars_lake_analog,GGGG,0.002387,1.0
Mars_lake_analog,GGGC,0.001223,1.0
Mars_lake_analog,GGCA,0.001805,0.75
Mars_lake_analog,GGCT,0.001327,0.75
Mars_lake_analog,GGCG,0.001016,1.0
Mars_lake_analog,GGCC,0.001506,1.0
Mars_lake_analog,GCAA,0.003113,0.5
Mars_lake_analog,GCAT,0.004272,0.5
Mars_lake_analog,GCAG,0.003524,0.75
Mars_lake_analog,GCAC,0.002431,0.75
Mars_lake_analog,GCTA,0.002865,0.5
Mars_lake_analog,GCTT,0.002531,0.5
Mars_lake_analog,GCTG,0.004322,0.75
Mars_lake_analog,GCTC,0.002576,0.75
Mars_lake_analog,GCGA,0.001595,0.75
Mars_lake_analog,GCGT,0.001149,0.75
Mars_lake_analog,GCGG,0.000585,1.0
Mars_lake_analog,GCGC,0.001972,1.0
Mars_lake_analog,GCCA,0.002567,0.75
Mars_lake_analog,GCCT,0.002018,0.75
Mars_lake_analog,GCCG,0.00063,1.0
Mars_lake_analog,GCCC,0.000669,1.0
Mars_lake_analog,CAAA,0.000932,0.25
Mars_lake_analog,CAAT,0.001027,0.25
Mars_lake_analog,CAAG,0.002133,0.5
Mars_lake_analog,CAAC,0.003866,0.5
Mars_lake_analog,CATA,0.002552,0.25
Mars_lake_analog,CATT,0.000463,0.25
Mars_lake_analog,CATG,0.004027,0.5
Mars_lake_analog,CATC,0.005785,0.5
Mars_lake_analog,CAGA,0.002449,0.5
Mars_lake_analog,CAGT,0.001503,0.5
Mars_lake_analog,CAGG,0.002559,0.75
Mars_lake_analog,CAGC,0.003921,0.75
Mars_lake_analog,CACA,0.001545,0.5
Mars_lake_analog,CACT,0.000947,0.5
Mars_lake_analog,CACG,0.001794,0.75
Mars_lake_analog,CACC,0.003759,0.75
Mars_lake_analog,CTAA,0.008007,0.25
Mars_lake_analog,CTAT,0.001642,0.25
Mars_lake_analog,CTAG,0.003966,0.5
Mars_lake_analog,CTAC,0.001072,0.5
Mars_lake_analog,CTTA,0.006696,0.25
Mars_lake_analog,CTTT,0.001129,0.25
Mars_lake_analog,CTTG,0.002181,0.5
Mars_lake_analog,CTTC,0.001417,0.5
Mars_lake_analog,CTGA,0.00104,0.5
Mars_lake_analog,CTGT,0.001623,0.5
Mars_lake_analog,CTGG,0.003554,0.75
Mars_lake_analog,CTGC,0.002354,0.75
Mars_lake_analog,CTCA,0.003197,0.5
Mars_lake_analog,CTCT,0.000868,0.5
Mars_lake_analog,CTCG,0.001061,0.75
Mars_lake_analog,CTCC,0.001419,0.75
Mars_lake_analog,CGAA,0.001442,0.5
Mars_lake_analog,CGAT,0.002752,0.5
Mars_lake_analog,CGAG,0.001021,0.75
Mars_lake_analog,CGAC,0.001473,0.75
Mars_lake_analog,CGTA,0.005453,0.5
Mars_lake_analog,CGTT,0.001464,0.5
Mars_lake_analog,CGTG,0.002458,0.75
Mars_lake_analog,CGTC,0.00107,0.75
Mars_lake_analog,CGGA,0.003065,0.75
Mars_lake_analog,CGGT,0.001515,0.75
Mars_lake_analog,CGGG,0.001278,1.0
Mars_lake_analog,CGGC,0.000772,1.0
Mars_lake_analog,CGCA,0.003717,0.75
Mars_lake_analog,CGCT,0.002031,0.75
Mars_lake_analog,CGCG,0.001307,1.0
Mars_lake_analog,CGCC,0.000821,1.0
Mars_lake_analog,CCAA,0.002534,0.5
Mars_lake_analog,CCAT,0.00439,0.5
Mars_lake_analog,CCAG,0.002905,0.75
Mars_lake_analog,CCAC,0.00341,0.75
Mars_lake_analog,CCTA,0.009353,0.5
Mars_lake_analog,CCTT,0.002564,0.5
Mars_lake_analog,CCTG,0.001995,0.75
Mars_lake_analog,CCTC,0.001657,0.75
Mars_lake_analog,CCGA,0.000673,0.75
Mars_lake_analog,CCGT,0.002211,0.75
Mars_lake_analog,CCGG,0.001255,1.0
Mars_lake_analog,CCGC,0.000801,1.0
Mars_lake_analog,CCCA,0.0031,0.75
Mars_lake_analog,CCCT,0.000748,0.75
Mars_lake_analog,CCCG,0.00143,1.0
Mars_lake_analog,CCCC,0.001581,1.0
